﻿pos_x,pos_y,rotation,side,designator,mpn,pack,value,mount_type,place
128.735,-54.483,0.0,top,BT1,,BatteryHolder_Keystone_103_1x20mm,Battery_Cell,tht,True
157.48,-64.77,90.0,top,C1,,C_Disc_D5.0mm_W2.5mm_P2.50mm,100n,tht,True
151.17,-113.03,0.0,top,C2,,C_Disc_D5.0mm_W2.5mm_P2.50mm,100n,tht,True
165.1,-113.03,0.0,top,C3,,C_Disc_D5.0mm_W2.5mm_P2.50mm,100n,tht,True
179.11,-113.03,0.0,top,C4,,C_Disc_D5.0mm_W2.5mm_P2.50mm,100n,tht,True
99.06,-113.03,0.0,top,C5,,C_Disc_D5.0mm_W2.5mm_P2.50mm,100n,tht,True
123.23,-113.03,0.0,top,C6,,C_Disc_D5.0mm_W2.5mm_P2.50mm,100n,tht,True
157.48,-77.47,90.0,top,C7,,C_Disc_D5.0mm_W2.5mm_P2.50mm,100n,tht,True
99.06,-50.8,0.0,top,C8,,C_Disc_D5.0mm_W2.5mm_P2.50mm,100n,tht,True
159.385,-113.665,90.0,top,C9,,CP_Radial_D4.0mm_P1.50mm,10u,tht,True
124.46,-119.38,0.0,top,H1,,Victor Expansion Edge Connector,Expansion_Connector,tht,True
143.51,-96.52,0.0,top,JP1,,PinHeader_1x02_P2.54mm_Vertical,Jumper,tht,True
143.51,-105.41,-90.0,top,R1,,R_Axial_DIN0207_L6.3mm_D2.5mm_P7.62mm_Horizontal,10k,tht,True
184.15,-107.95,180.0,top,U1,,DIP-14_W7.62mm,74LS00,tht,True
170.18,-107.95,180.0,top,U2,,DIP-14_W7.62mm,74LS11,tht,True
156.21,-107.95,180.0,top,U3,,DIP-16_W7.62mm,74LS139,tht,True
161.29,-85.09,90.0,top,U4,,DIP-20_W7.62mm,74LS373,tht,True
138.43,-107.95,180.0,top,U5,,DIP-32_W15.24mm,AS6C4008-55PCN,tht,True
161.29,-72.39,90.0,top,U6,,DIP-20_W7.62mm,74LS245,tht,True
114.3,-107.95,180.0,top,U7,,DIP-32_W15.24mm,AS6C4008-55PCN,tht,True
99.06,-62.23,90.0,top,U8,,Maxim-DS1315-5+-Manufacturer_Recommended,DS1315-5+,tht,True
98.87,-66.355,90.0,top,Y1,,Crystal_DS26_D2.0mm_L6.0mm_Horizontal,32.768 kHz,tht,True
