﻿designator,quantity,value,pack,mpn,mount_type
BT1,1,Battery_Cell,BatteryHolder_Keystone_103_1x20mm,,tht
"C1, C2, C3, C4, C5, C6, C7, C8",8,100n,C_Disc_D5.0mm_W2.5mm_P2.50mm,,tht
C9,1,10u,CP_Radial_D4.0mm_P1.50mm,,tht
H1,1,Expansion_Connector,Victor Expansion Edge Connector,,tht
JP1,1,Jumper,PinHeader_1x02_P2.54mm_Vertical,,tht
R1,1,10k,R_Axial_DIN0207_L6.3mm_D2.5mm_P7.62mm_Horizontal,,tht
U1,1,74LS00,DIP-14_W7.62mm,,tht
U2,1,74LS11,DIP-14_W7.62mm,,tht
U3,1,74LS139,DIP-16_W7.62mm,,tht
U4,1,74LS373,DIP-20_W7.62mm,,tht
"U5, U7",2,AS6C4008-55PCN,DIP-32_W15.24mm,,tht
U6,1,74LS245,DIP-20_W7.62mm,,tht
U8,1,DS1315-5+,Maxim-DS1315-5+-Manufacturer_Recommended,,tht
Y1,1,32.768 kHz,Crystal_DS26_D2.0mm_L6.0mm_Horizontal,,tht
